{"cameraOffset":{"x":1.472000002861023,"y":-0.0430000014603138,"z":-5.627999782562256},"sensitivity":{"x":0.00800000037997961,"y":0.00800000037997961,"z":0.00800000037997961}}